{
    "version": 1,
    "description": "Default Leti/Reeni emoticon 1",
    "emoticons": [
        {
            "description": null,
            "id": 1,
            "image_url": "https://idol-emoticon.akamaized.net/20/20_1.webp",
            "thumbnail": "https://idol-emoticon.akamaized.net/20/20_1.webp",
            "title": "Base Leti"
        },
        {
            "description": null,
            "id": 2,
            "image_url": "https://idol-emoticon.akamaized.net/20/20_2.webp",
            "thumbnail": "https://idol-emoticon.akamaized.net/20/20_2.webp",
            "title": "Base Reeni"
        },
        {
            "description": null,
            "id": 3,
            "image_url": "https://idol-emoticon.akamaized.net/20/20_3.webp",
            "thumbnail": "https://idol-emoticon.akamaized.net/20/20_3.webp",
            "title": "Exciting Leti"
        },
        {
            "description": null,
            "id": 4,
            "image_url": "https://idol-emoticon.akamaized.net/20/20_4.webp",
            "thumbnail": "https://idol-emoticon.akamaized.net/20/20_4.webp",
            "title": "Exciting Reeni"
        },
        {
            "description": null,
            "id": 5,
            "image_url": "https://idol-emoticon.akamaized.net/20/20_5.webp",
            "thumbnail": "https://idol-emoticon.akamaized.net/20/20_5.webp",
            "title": "Wink Leti"
        },
        {
            "description": null,
            "id": 6,
            "image_url": "https://idol-emoticon.akamaized.net/20/20_6.webp",
            "thumbnail": "https://idol-emoticon.akamaized.net/20/20_6.webp",
            "title": "Wink Reeni"
        },
        {
            "description": null,
            "id": 7,
            "image_url": "https://idol-emoticon.akamaized.net/20/20_7.webp",
            "thumbnail": "https://idol-emoticon.akamaized.net/20/20_7.webp",
            "title": "Sad Leti"
        },
        {
            "description": null,
            "id": 8,
            "image_url": "https://idol-emoticon.akamaized.net/20/20_8.webp",
            "thumbnail": "https://idol-emoticon.akamaized.net/20/20_8.webp",
            "title": "Sad Reeni"
        },
        {
            "description": null,
            "id": 9,
            "image_url": "https://idol-emoticon.akamaized.net/20/20_9.webp",
            "thumbnail": "https://idol-emoticon.akamaized.net/20/20_9.webp",
            "title": "Angry Leti"
        },
        {
            "description": null,
            "id": 10,
            "image_url": "https://idol-emoticon.akamaized.net/20/20_10.webp",
            "thumbnail": "https://idol-emoticon.akamaized.net/20/20_10.webp",
            "title": "Angry Reeni"
        },
        {
            "description": null,
            "id": 11,
            "image_url": "https://idol-emoticon.akamaized.net/20/20_11.webp",
            "thumbnail": "https://idol-emoticon.akamaized.net/20/20_11.webp",
            "title": "Surprised Leti"
        },
        {
            "description": null,
            "id": 12,
            "image_url": "https://idol-emoticon.akamaized.net/20/20_12.webp",
            "thumbnail": "https://idol-emoticon.akamaized.net/20/20_12.webp",
            "title": "Surprised Reeni"
        },
        {
            "description": null,
            "id": 13,
            "image_url": "https://idol-emoticon.akamaized.net/20/20_13.webp",
            "thumbnail": "https://idol-emoticon.akamaized.net/20/20_13.webp",
            "title": "Sulk Leti"
        },
        {
            "description": null,
            "id": 14,
            "image_url": "https://idol-emoticon.akamaized.net/20/20_14.webp",
            "thumbnail": "https://idol-emoticon.akamaized.net/20/20_14.webp",
            "title": "Sulk Reeni"
        }
    ]
}
