{
    "version": 1,
    "description": "Default Reeni/Leti emoticon 2",
    "emoticons": [
        {
            "description": null,
            "id": 15,
            "image_url": "https://idol-emoticon.akamaized.net/21/21_15.webp",
            "thumbnail": "https://idol-emoticon.akamaized.net/21/21_15.webp",
            "title": "Hi Reeni/Leti"
        },
        {
            "description": null,
            "id": 16,
            "image_url": "https://idol-emoticon.akamaized.net/21/21_16.webp",
            "thumbnail": "https://idol-emoticon.akamaized.net/21/21_16.webp",
            "title": "OK Leti"
        },
        {
            "description": null,
            "id": 17,
            "image_url": "https://idol-emoticon.akamaized.net/21/21_17.webp",
            "thumbnail": "https://idol-emoticon.akamaized.net/21/21_17.webp",
            "title": "Heart3 Reeni"
        },
        {
            "description": null,
            "id": 18,
            "image_url": "https://idol-emoticon.akamaized.net/21/21_18.webp",
            "thumbnail": "https://idol-emoticon.akamaized.net/21/21_18.webp",
            "title": "All-in Reeni"
        },
        {
            "description": null,
            "id": 19,
            "image_url": "https://idol-emoticon.akamaized.net/21/21_19.webp",
            "thumbnail": "https://idol-emoticon.akamaized.net/21/21_19.webp",
            "title": "Correct Leti"
        },
        {
            "description": null,
            "id": 20,
            "image_url": "https://idol-emoticon.akamaized.net/21/21_20.webp",
            "thumbnail": "https://idol-emoticon.akamaized.net/21/21_20.webp",
            "title": "Wrong Reeni"
        },
        {
            "description": null,
            "id": 21,
            "image_url": "https://idol-emoticon.akamaized.net/21/21_21.webp",
            "thumbnail": "https://idol-emoticon.akamaized.net/21/21_21.webp",
            "title": "Charity Reeni/Leti"
        },
        {
            "description": null,
            "id": 22,
            "image_url": "https://idol-emoticon.akamaized.net/21/21_22.webp",
            "thumbnail": "https://idol-emoticon.akamaized.net/21/21_22.webp",
            "title": "Fairy Reeni/Leti"
        },
        {
            "description": null,
            "id": 23,
            "image_url": "https://idol-emoticon.akamaized.net/21/21_23.webp",
            "thumbnail": "https://idol-emoticon.akamaized.net/21/21_23.webp",
            "title": "First Place Leti"
        },
        {
            "description": null,
            "id": 24,
            "image_url": "https://idol-emoticon.akamaized.net/21/21_24.webp",
            "thumbnail": "https://idol-emoticon.akamaized.net/21/21_24.webp",
            "title": "Support Reeni/Leti"
        },
        {
            "description": null,
            "id": 25,
            "image_url": "https://idol-emoticon.akamaized.net/21/21_25.webp",
            "thumbnail": "https://idol-emoticon.akamaized.net/21/21_25.webp",
            "title": "Curios Reeni"
        },
        {
            "description": null,
            "id": 26,
            "image_url": "https://idol-emoticon.akamaized.net/21/21_26.webp",
            "thumbnail": "https://idol-emoticon.akamaized.net/21/21_26.webp",
            "title": "Before Sleep Leti"
        },
        {
            "description": null,
            "id": 27,
            "image_url": "https://idol-emoticon.akamaized.net/21/21_27.webp",
            "thumbnail": "https://idol-emoticon.akamaized.net/21/21_27.webp",
            "title": "Tired Leti"
        },
        {
            "description": null,
            "id": 28,
            "image_url": "https://idol-emoticon.akamaized.net/21/21_28.webp",
            "thumbnail": "https://idol-emoticon.akamaized.net/21/21_28.webp",
            "title": "Reporting Reeni"
        },
        {
            "description": null,
            "id": 29,
            "image_url": "https://idol-emoticon.akamaized.net/21/21_29.webp",
            "thumbnail": "https://idol-emoticon.akamaized.net/21/21_29.webp",
            "title": "Peek Reeni"
        },
        {
            "description": null,
            "id": 30,
            "image_url": "https://idol-emoticon.akamaized.net/21/21_30.webp",
            "thumbnail": "https://idol-emoticon.akamaized.net/21/21_30.webp",
            "title": "Dancing Reeni"
        },
        {
            "description": null,
            "id": 31,
            "image_url": "https://idol-emoticon.akamaized.net/21/21_31.webp",
            "thumbnail": "https://idol-emoticon.akamaized.net/21/21_31.webp",
            "title": "Goods Reeni/Leti"
        },
        {
            "description": null,
            "id": 32,
            "image_url": "https://idol-emoticon.akamaized.net/21/21_32.webp",
            "thumbnail": "https://idol-emoticon.akamaized.net/21/21_32.webp",
            "title": "Heart Reeni/Leti"
        },
        {
            "description": null,
            "id": 33,
            "image_url": "https://idol-emoticon.akamaized.net/21/21_33.webp",
            "thumbnail": "https://idol-emoticon.akamaized.net/21/21_33.webp",
            "title": "Gloomy Reeni"
        },
        {
            "description": null,
            "id": 34,
            "image_url": "https://idol-emoticon.akamaized.net/21/21_34.webp",
            "thumbnail": "https://idol-emoticon.akamaized.net/21/21_34.webp",
            "title": "Master Reeni"
        },
        {
            "description": null,
            "id": 35,
            "image_url": "https://idol-emoticon.akamaized.net/21/21_35.webp",
            "thumbnail": "https://idol-emoticon.akamaized.net/21/21_35.webp",
            "title": "Watching Reeni/Leti"
        },
        {
            "description": null,
            "id": 36,
            "image_url": "https://idol-emoticon.akamaized.net/21/21_36.webp",
            "thumbnail": "https://idol-emoticon.akamaized.net/21/21_36.webp",
            "title": "Chatting Leti"
        },
        {
            "description": null,
            "id": 37,
            "image_url": "https://idol-emoticon.akamaized.net/21/21_37.webp",
            "thumbnail": "https://idol-emoticon.akamaized.net/21/21_37.webp",
            "title": "Gift Reeni"
        },
        {
            "description": null,
            "id": 38,
            "image_url": "https://idol-emoticon.akamaized.net/21/21_38.webp",
            "thumbnail": "https://idol-emoticon.akamaized.net/21/21_38.webp",
            "title": "Good Night Reeni"
        }
    ]
}
